# DNRN, Anammox, Denitrificatio, Nitrite Oxidation, CaCO3 Dissolution 
6.986023481523783163e-01,1.879918994923462797e-03,1.909848997616405298e-03,2.026974082074390129e-02,2.773381430343421217e-01
9.306822827812076815e-01,5.504438456152838111e-03,1.174003346053843419e-02,2.906343528984524013e-02,2.300981001225539668e-02
6.829040493975609971e-01,0.000000000000000000e+00,0.000000000000000000e+00,2.814567301952006911e-02,2.889502775829170811e-01
