# DNRN, Anammox, Denitrificatio, Nitrite Oxidation, CaCO3 Dissolution 
5.025830163076509816e-02,0.000000000000000000e+00,1.033721865238701985e-02,3.069213999128691129e-03,5.261033359913976082e-02
6.501522774717125551e-03,0.000000000000000000e+00,7.977117578233054035e-04,3.612290383578591730e-04,6.785612955981813570e-03
2.804819764945753503e-03,0.000000000000000000e+00,0.000000000000000000e+00,1.388281916561979307e-04,2.938120819980041994e-03
