# NO3, NO2, NH4, Nstar, TA, DIC
4.585866163391144141e+02,7.480014640242903852e+02,2.507801692014275474e+01,1.495583422605971968e+01,1.537548807758184211e+01
2.014496547777997648e+01,3.277996138081930440e+02,1.596423398597786303e+01,1.134597341560562889e+01,1.132934576893875089e+01
5.091741484719982935e+01,7.141225070441884100e+02,1.000000000000000000e+02,7.408150837177895909e+00,7.412705706534705286e+00
