# anmx, denit, ox, red, nitox, dnrn, caco3 diss, other DIC
0.000000000000000000e+00,0.000000000000000000e+00,5.500181085330369868e+00,5.500181085330371644e+00,1.664629603575923156e+00,1.664629603575922934e+00,6.081364916169782475e+00,6.081364916169774482e+00
0.000000000000000000e+00,0.000000000000000000e+00,4.496435650663156980e-01,4.496435650663154204e-01,1.103960075684958381e-01,1.103960075684960462e-01,7.603087862847054401e-01,7.603087862847066614e-01
0.000000000000000000e+00,0.000000000000000000e+00,0.000000000000000000e+00,0.000000000000000000e+00,2.906207596573687560e-02,2.906207596573676111e-02,3.089193336875797891e-01,3.089193336875806217e-01
