# anmx, denit, nitox, dnrn
3.565043230677253927e+00,0.000000000000000000e+00,2.902321569459632045e+00,7.218336763966611835e-01
2.439396930003266961e-01,0.000000000000000000e+00,2.069624049521568143e-01,8.162019799885905647e-02
0.000000000000000000e+00,0.000000000000000000e+00,2.906207596573687560e-02,2.906207596573676111e-02
