# anmx, denit, nitox, dnrn
1.679090106612450484e+01,0.000000000000000000e+00,3.593169539969346715e+01,4.727740353418221275e+01
5.611424872332662517e+00,0.000000000000000000e+00,4.472555313285791811e+01,4.966302199480931989e+01
0.000000000000000000e+00,0.000000000000000000e+00,5.266924562414732947e+01,4.733075437585266343e+01
