# anmx, denit, ox, red, nitox, dnrn, caco3 diss, other DIC
1.000000000000000000e+02,0.000000000000000000e+00,7.058317940478931973e+01,2.941682059521116344e+01,4.311250700384147194e+01,5.688749299615869859e+01,2.025564474079247290e+01,7.974435525920773671e+01
1.000000000000000000e+02,0.000000000000000000e+00,8.914652138948572713e+01,1.085347861051459439e+01,4.738427820988690087e+01,5.261572179011303518e+01,6.992197963813768347e+00,9.300780203618579378e+01
0.000000000000000000e+00,0.000000000000000000e+00,1.000000000000000000e+02,0.000000000000000000e+00,5.266924562414732947e+01,4.733075437585266343e+01,2.919991278944263513e+01,7.080008721055716592e+01
