# NO3, NO2, Nstar, TA, DIC
3.029459601736783636e-03,1.940314665303249919e-02,-7.522640589978382697e-03,2.892587856519923672e-02,4.435917963675362063e-02
-3.310814425722008458e-03,8.695775934054315870e-03,-2.328999995401379031e-02,1.260511519138449166e-02,8.160693750073222397e-02
1.716177312769847640e-01,1.477274172454401679e-01,9.759179039551796331e-02,3.827162405475215134e-02,5.629134603906027490e-02
