# DNRN, Anammox, Denitrificatio, Nitrite Oxidation, CaCO3 Dissolution 
8.867538320215085923e-01,4.770969949822495335e-07,2.091037725832307903e-02,3.930641636690108270e-02,5.302889725627839279e-02
8.248226555865035836e-01,3.972619226164562055e-04,8.551828850298048151e-03,4.213564468149608166e-02,1.240926089590831394e-01
