# DNRN, Anammox, Denitrificatio, Nitrite Oxidation, CaCO3 Dissolution 
5.248630281488893615e-03,3.231374488038454666e-05,1.028857228151561437e-03,3.361110317302203878e-04,5.453507191657437983e-03
5.900506117418258256e-02,4.073567782227768830e-03,9.692528600467872207e-03,3.437705515428577524e-03,6.180706701008284454e-02
