# NO3, NO2, NH4, Nstar, TA, DIC
1.666850548514208086e+01,1.576517386192223213e+01,1.459873384317484657e+01,1.206838628809450498e+01,1.204335872504424820e+01
4.205074750684054408e+01,3.972833711408951984e+01,7.885952690548838184e+00,9.833199358846309579e+00,1.013749470636941119e+01
