# anmx, denit, ox, red, nitox, dnrn, caco3 diss, other DIC
2.147345942688841380e-02,2.147345942688828196e-02,5.496780383220423172e-01,5.496780383220418731e-01,1.284858676788327714e-01,1.284858676788326326e-01,6.164382017351719423e-01,6.164382017351708321e-01
4.776685431974156870e+01,1.070076563414315629e+01,5.327418328065776087e+00,5.327418328065793851e+00,1.113188551553734973e+00,1.113188551553734529e+00,6.773721304612996263e+00,6.773721304612983829e+00
