# anmx, denit, nitox, dnrn
6.203512290921022299e+00,1.748544709092567217e-05,4.498769496731500794e+01,4.880877525631682090e+01
2.631770030967178098e+00,1.547258343153722245e-02,5.015508329857166814e+01,4.719767408702968225e+01
