# anmx, denit, nitox, dnrn
3.049601750384219878e-01,1.183260042186486940e-03,2.565238118060122474e-01,8.521764740130961802e-02
2.981935802060478480e+00,1.600114824237439115e-01,2.512115979941934807e+00,7.121287638254250041e-01
