# anmx, denit, ox, red, nitox, dnrn, caco3 diss, other DIC
9.999968362427748048e+01,3.163757225324421670e-04,8.822883502327883321e+01,1.177116497672132844e+01,4.796274587807654655e+01,5.203725412192336108e+01,6.028623907075953525e+00,9.397137609292448701e+01
6.435617558857306619e+01,1.283824411426902845e+00,9.516888657013137731e+01,4.831113429868651110e+00,5.148865949385670149e+01,4.851134050614331272e+01,1.376396055010032704e+01,8.623603944989940828e+01
