# NO3, NO2, NH4, Nstar, TA, DIC
1.339040573442541737e-02,1.312429800058304008e-02,-6.499129816447424268e-02,3.230094360800592201e-02,1.204335872504425087e-01
1.010039807158542580e-01,6.184813715601703010e-02,1.140863542642256423e-02,4.003516881816998607e-02,1.013749470637057559e-01
