# DNRN, Anammox, Denitrificatio, Nitrite Oxidation, CaCO3 Dissolution 
6.135317772184623042e-03,0.000000000000000000e+00,2.115375487203545370e-03,5.198712150431176278e-04,6.354734421842703034e-03
4.910286479781047174e-03,0.000000000000000000e+00,0.000000000000000000e+00,2.439653378532955646e-04,5.145087662021119793e-03
