# DNRN, Anammox, Denitrificatio, Nitrite Oxidation, CaCO3 Dissolution 
8.597794204404158869e-01,0.000000000000000000e+00,1.976057229090341302e-02,3.852597324340495399e-02,8.193403402527850432e-02
6.990489077227288739e-01,0.000000000000000000e+00,0.000000000000000000e+00,3.700805944195857677e-02,2.639430328353141175e-01
