# NO3, NO2, Nstar, TA, DIC
4.670751924266977717e+00,1.621900997072692263e+01,9.132636146387957510e+00,4.945400346201630271e+00,4.952267075856870093e+00
9.335701288615176452e+01,1.911039885272686661e+03,1.324110317645607005e+01,6.809859318130863315e+00,6.808938385475163280e+00
4.580758382911650273e+01,2.699243511494822769e+02,1.000000000000000000e+02,5.432682052690941177e+00,5.437789332344251214e+00
