# anmx, denit, nitox, dnrn
6.394691902609322964e-01,0.000000000000000000e+00,5.311064980096851240e-01,1.596802658995319646e-01
0.000000000000000000e+00,0.000000000000000000e+00,4.884394912991845555e-02,4.884394912991863597e-02
