# anmx, denit, ox, red, nitox, dnrn, caco3 diss, other DIC
0.000000000000000000e+00,0.000000000000000000e+00,1.151956420996635755e+00,1.151956420996631536e+00,2.523542177695663469e-01,2.523542177695661248e-01,7.106211251463350198e-01,7.106211251463361300e-01
0.000000000000000000e+00,0.000000000000000000e+00,0.000000000000000000e+00,0.000000000000000000e+00,4.884394912991845555e-02,4.884394912991863597e-02,5.411692234129358292e-01,5.411692234129350521e-01
