# anmx, denit, nitox, dnrn
6.025712546676444958e+00,0.000000000000000000e+00,4.532724532731431566e+01,4.864704212600906885e+01
0.000000000000000000e+00,0.000000000000000000e+00,5.240017152585642890e+01,4.759982847414356399e+01
