# anmx, denit, ox, red, nitox, dnrn, caco3 diss, other DIC
1.000000000000000000e+02,0.000000000000000000e+00,8.859655593977527133e+01,1.140344406022459012e+01,4.823213276667144100e+01,5.176786723332846663e+01,9.273969300793440951e+00,9.072603069920630503e+01
0.000000000000000000e+00,0.000000000000000000e+00,1.000000000000000000e+02,0.000000000000000000e+00,5.240017152585642890e+01,4.759982847414356399e+01,2.850378904894302323e+01,7.149621095105707980e+01
