# NO3, NO2, NH4, Nstar, TA, DIC
7.964336606898714255e-02,7.506296935166548168e-02,-9.195011395734054016e-02,3.815367526732793557e-02,1.165730910685891519e-01
1.688330887342018305e-01,1.437168160062768651e-01,1.075286942621739156e-01,5.018795659967179024e-02,7.401611888392078953e-02
