# DNRN, Anammox, Denitrificatio, Nitrite Oxidation, CaCO3 Dissolution 
8.419378935600770886e-01,2.456565243652298822e-02,2.207908745140513967e-02,2.644713488640817317e-02,8.497023166558152762e-02
9.023778962908040047e-01,0.000000000000000000e+00,1.949858591692979135e-02,3.963343726672715478e-02,3.849008052554055842e-02
7.011536718087314490e-01,0.000000000000000000e+00,0.000000000000000000e+00,3.768886155926142595e-02,2.611574666320095606e-01
