# DNRN, Anammox, Denitrificatio, Nitrite Oxidation, CaCO3 Dissolution 
7.287714706479009319e-02,5.350281294806506771e-02,2.858895801543877638e-02,6.197005017510534043e-03,7.521126588137480584e-02
4.484582762695820540e-03,0.000000000000000000e+00,1.423943245567261401e-03,3.700931228174588351e-04,4.610922452650522904e-03
2.761612950147314654e-03,0.000000000000000000e+00,0.000000000000000000e+00,1.364206606128206027e-04,2.893455022857087822e-03
