# NO3, NO2, NH4, Nstar, TA, DIC
1.248966978326796529e+01,4.304963919857856425e+00,9.092793419588869597e+01,5.880356844095787849e+00,9.705244467556822130e+00
3.298187001873472468e+01,1.592999139383505565e+02,1.647120818008557208e+01,1.184247064698556251e+01,1.182640463673156894e+01
5.011300244800229819e+01,5.303636079733947781e+02,1.000000000000000000e+02,7.526177412484609697e+00,7.537772311852268814e+00
