# anmx, denit, ox, red, nitox, dnrn, caco3 diss, other DIC
4.577255274222898862e+01,1.780744725777100257e+01,8.290809400961781250e+01,1.709190599038212710e+01,3.897496260494207831e+01,6.102503739505750247e+01,9.374462626868940163e+00,9.062553737313095326e+01
1.000000000000000000e+02,0.000000000000000000e+00,8.899475601891791143e+01,1.100524398108182567e+01,4.773336519639476450e+01,5.226663480360519287e+01,4.364966406551101130e+00,9.563503359344898058e+01
0.000000000000000000e+00,0.000000000000000000e+00,1.000000000000000000e+02,0.000000000000000000e+00,5.277966975818308981e+01,4.722033024181698124e+01,2.824468644270138995e+01,7.175531355729845018e+01
