# anmx, denit, nitox, dnrn
9.702183789112298840e+00,2.661230366300818773e+00,7.549531347924061997e+00,2.777875689346839039e+00
4.165689011251691443e-01,0.000000000000000000e+00,3.486759063011985460e-01,1.112990000958726244e-01
0.000000000000000000e+00,0.000000000000000000e+00,2.620162151982544443e-02,2.620162151982549648e-02
