# anmx, denit, ox, red, nitox, dnrn, caco3 diss, other DIC
4.724235280138783111e+01,3.483318470175381520e+01,1.757207610191789726e+01,1.757207610191791503e+01,4.933575170466021120e+00,4.933575170466026449e+00,8.206756942745544237e+00,8.206756942745519368e+00
0.000000000000000000e+00,0.000000000000000000e+00,7.617950692729476003e-01,7.617950692729458240e-01,1.715867520031878757e-01,1.715867520031870985e-01,5.203458025980820523e-01,5.203458025980826074e-01
0.000000000000000000e+00,0.000000000000000000e+00,0.000000000000000000e+00,0.000000000000000000e+00,2.620162151982544443e-02,2.620162151982549648e-02,3.048739331664146457e-01,3.048739331664153118e-01
