# anmx, denit, nitox, dnrn
7.549472510737578190e+00,1.165367899569234256e+00,3.600713580335735742e+01,5.527802378633567315e+01
5.737694915723680289e+00,0.000000000000000000e+00,4.499519119039836568e+01,4.926711389387799755e+01
0.000000000000000000e+00,0.000000000000000000e+00,5.277966975818308981e+01,4.722033024181698124e+01
