# NO3, NO2, NH4, Nstar, TA, DIC
-8.361790415597136761e-02,1.568654460251833749e-02,2.085480769945646795e-01,2.080741652525519569e-02,9.705244467556140009e-02
2.913632955925445078e-02,3.672860925854957298e-02,-6.990915076001436024e-02,2.797135209805018397e-02,1.182640463673161335e-01
1.846170216678992282e-01,1.546291139402247994e-01,1.349955119305661921e-01,5.058492214730447856e-02,7.537772311852286578e-02
