# DNRN, Anammox, Denitrificatio, Nitrite Oxidation, CaCO3 Dissolution 
1.240687951984901193e-02,0.000000000000000000e+00,2.099216928419633376e-03,7.605553867644403512e-04,1.295928836334405386e-02
5.191721450747590998e-03,0.000000000000000000e+00,0.000000000000000000e+00,2.536231953776408449e-04,5.439357679088557655e-03
