# DNRN, Anammox, Denitrificatio, Nitrite Oxidation, CaCO3 Dissolution 
8.673027985578857235e-01,0.000000000000000000e+00,2.009219326715075762e-02,3.797616535401805021e-02,7.462884282094606192e-02
6.968375948376648310e-01,0.000000000000000000e+00,0.000000000000000000e+00,3.707555100818879512e-02,2.660868541541486776e-01
