# NO3, NO2, NH4, Nstar, TA, DIC
8.033886179849567100e+01,5.156605468574916813e+02,1.807737403464279424e+01,1.170979795435220261e+01,1.161367172423029359e+01
5.252592871421703791e+01,1.747009791076197416e+03,1.000000000000000000e+02,7.412010499243111283e+00,7.415110201638189125e+00
