# anmx, denit, ox, red, nitox, dnrn, caco3 diss, other DIC
0.000000000000000000e+00,0.000000000000000000e+00,1.163596600429712469e+00,1.163596600429713357e+00,2.927034249788052489e-01,2.927034249788053599e-01,1.453730195206432318e+00,1.453730195206434095e+00
0.000000000000000000e+00,0.000000000000000000e+00,0.000000000000000000e+00,0.000000000000000000e+00,4.242352442252961958e-02,4.242352442252961958e-02,5.721277579848587092e-01,5.721277579848598194e-01
