# anmx, denit, nitox, dnrn
6.135207666330425802e+00,0.000000000000000000e+00,4.473293614239580762e+01,4.913185619127392556e+01
0.000000000000000000e+00,0.000000000000000000e+00,5.252466383412730977e+01,4.747533616587269734e+01
