# anmx, denit, nitox, dnrn
6.401971439015641252e-01,0.000000000000000000e+00,5.502985548165205687e-01,2.009847579173364707e-01
0.000000000000000000e+00,0.000000000000000000e+00,4.242352442252961958e-02,4.242352442252961958e-02
