# NO3, NO2, NH4, Nstar, TA, DIC
5.095642774721402535e-02,5.718514124390562670e-02,-8.061214540770994530e-02,3.655851735716675321e-02,1.161367172422984595e-01
1.825581086404049480e-01,1.560666134819826689e-01,9.897365900974995634e-02,5.049649285791590891e-02,7.415110201638241971e-02
